NUM_PARAMS,457531
EPOCH,RMSE,MSE
0,1.87278068737,3.50730750297
1,1.63928024089,2.68723970817
2,1.53291673026,2.34983370191
3,1.40054572618,1.96152833111
