NUM_PARAMS,457531
EPOCH,RMSE,MSE
0,1.70837193723,2.91853467591
